{
  "lang":"en",
  "name":"pipeline",
  "version":"0.0.0",
  "spacy_version":">=3.5.0,<3.6.0",
  "description":"",
  "author":"",
  "email":"",
  "url":"",
  "license":"",
  "spacy_git_version":"Unknown",
  "vectors":{
    "width":0,
    "vectors":0,
    "keys":0,
    "name":null,
    "mode":"default"
  },
  "labels":{
    "textcat_multilabel":[
      "FACT",
      "CONCLUSION",
      "RULE",
      "HEADING",
      "ANALYSIS",
      "ISSUE"
    ]
  },
  "pipeline":[
    "textcat_multilabel"
  ],
  "components":[
    "textcat_multilabel"
  ],
  "disabled":[

  ],
  "performance":{
    "cats_score":0.8354792811,
    "cats_score_desc":"macro AUC",
    "cats_micro_p":0.787037037,
    "cats_micro_r":0.6296296296,
    "cats_micro_f":0.6995884774,
    "cats_macro_p":0.6861080349,
    "cats_macro_r":0.4113653879,
    "cats_macro_f":0.4708888521,
    "cats_macro_auc":0.8354792811,
    "cats_f_per_type":{
      "FACT":{
        "p":0.8214285714,
        "r":0.696969697,
        "f":0.7540983607
      },
      "CONCLUSION":{
        "p":1.0,
        "r":0.1111111111,
        "f":0.2
      },
      "RULE":{
        "p":0.3333333333,
        "r":0.1333333333,
        "f":0.1904761905
      },
      "HEADING":{
        "p":0.8611111111,
        "r":0.7209302326,
        "f":0.7848101266
      },
      "ANALYSIS":{
        "p":0.7674418605,
        "r":0.6947368421,
        "f":0.729281768
      },
      "ISSUE":{
        "p":0.3333333333,
        "r":0.1111111111,
        "f":0.1666666667
      }
    },
    "textcat_multilabel_loss":3.5718492347
  }
}