{
  "lang":"en",
  "name":"pipeline",
  "version":"0.0.0",
  "spacy_version":">=3.5.0,<3.6.0",
  "description":"",
  "author":"",
  "email":"",
  "url":"",
  "license":"",
  "spacy_git_version":"Unknown",
  "vectors":{
    "width":0,
    "vectors":0,
    "keys":0,
    "name":null,
    "mode":"default"
  },
  "labels":{
    "textcat_multilabel":[
      "FACT",
      "CONCLUSION",
      "RULE",
      "HEADING",
      "ANALYSIS",
      "ISSUE"
    ]
  },
  "pipeline":[
    "textcat_multilabel"
  ],
  "components":[
    "textcat_multilabel"
  ],
  "disabled":[

  ],
  "performance":{
    "cats_score":0.8276359702,
    "cats_score_desc":"macro AUC",
    "cats_micro_p":0.8,
    "cats_micro_r":0.6666666667,
    "cats_micro_f":0.7272727273,
    "cats_macro_p":0.674929972,
    "cats_macro_r":0.4875462087,
    "cats_macro_f":0.5505964756,
    "cats_macro_auc":0.8276359702,
    "cats_f_per_type":{
      "FACT":{
        "p":0.8352941176,
        "r":0.7171717172,
        "f":0.7717391304
      },
      "CONCLUSION":{
        "p":0.75,
        "r":0.3333333333,
        "f":0.4615384615
      },
      "RULE":{
        "p":0.3333333333,
        "r":0.1333333333,
        "f":0.1904761905
      },
      "HEADING":{
        "p":0.8333333333,
        "r":0.8139534884,
        "f":0.8235294118
      },
      "ANALYSIS":{
        "p":0.7976190476,
        "r":0.7052631579,
        "f":0.748603352
      },
      "ISSUE":{
        "p":0.5,
        "r":0.2222222222,
        "f":0.3076923077
      }
    },
    "textcat_multilabel_loss":0.7185895435
  }
}