{
  "lang":"en",
  "name":"pipeline",
  "version":"0.0.0",
  "spacy_version":">=3.4.4,<3.5.0",
  "description":"",
  "author":"",
  "email":"",
  "url":"",
  "license":"",
  "spacy_git_version":"Unknown",
  "vectors":{
    "width":0,
    "vectors":0,
    "keys":0,
    "name":null,
    "mode":"default"
  },
  "labels":{
    "textcat_multilabel":[
      "HISTORY",
      "ANALYSIS",
      "ISSUE",
      "HEADING",
      "FACTS",
      "CONCLUSION",
      "RULE"
    ]
  },
  "pipeline":[
    "textcat_multilabel"
  ],
  "components":[
    "textcat_multilabel"
  ],
  "disabled":[

  ],
  "performance":{
    "cats_score":0.8359133922,
    "cats_score_desc":"macro AUC",
    "cats_micro_p":0.7080291971,
    "cats_micro_r":0.5105263158,
    "cats_micro_f":0.5932721713,
    "cats_macro_p":0.6954763874,
    "cats_macro_r":0.4954955759,
    "cats_macro_f":0.5648538117,
    "cats_macro_auc":0.8359133922,
    "cats_f_per_type":{
      "HISTORY":{
        "p":0.7692307692,
        "r":0.6060606061,
        "f":0.6779661017
      },
      "ANALYSIS":{
        "p":0.6935483871,
        "r":0.5512820513,
        "f":0.6142857143
      },
      "ISSUE":{
        "p":0.3333333333,
        "r":0.1428571429,
        "f":0.2
      },
      "HEADING":{
        "p":1.0,
        "r":0.8333333333,
        "f":0.9090909091
      },
      "FACTS":{
        "p":0.6,
        "r":0.5625,
        "f":0.5806451613
      },
      "CONCLUSION":{
        "p":0.7222222222,
        "r":0.5416666667,
        "f":0.619047619
      },
      "RULE":{
        "p":0.75,
        "r":0.2307692308,
        "f":0.3529411765
      }
    },
    "cats_macro_auc_per_type":0.0,
    "textcat_multilabel_loss":0.6433738309
  }
}